id,visit_date,letter_trackers_correct,reading_trackers_correct,sessions_correct,admin_correct,quality_rating,supplies_needed,commentary,created_at,updated_at,mentor_id,school_id
104,2025-02-11,f,f,f,f,5,,"Source: Siphosethu Plaatjies.csv, row 10. Indicator: S",2025-04-15 18:56:27.112046+00,2025-04-15 18:56:27.112055+00,22,16
105,2025-02-13,f,f,f,f,5,,"Source: Siphosethu Plaatjies.csv, row 12. Indicator: S",2025-04-15 18:56:27.118324+00,2025-04-15 18:56:27.118335+00,22,17
106,2025-02-13,f,f,f,f,5,,"Source: Siphosethu Plaatjies.csv, row 12. Indicator: S",2025-04-15 18:56:27.14401+00,2025-04-15 18:56:27.144023+00,22,18
107,2025-02-13,f,f,f,f,5,,"Source: Siphosethu Plaatjies.csv, row 12. Indicator: S",2025-04-15 18:56:27.150014+00,2025-04-15 18:56:27.150023+00,22,19
108,2025-02-13,f,f,f,f,5,,"Source: Siphosethu Plaatjies.csv, row 12. Indicator: S",2025-04-15 18:56:27.154561+00,2025-04-15 18:56:27.154569+00,22,16
109,2025-02-24,f,f,f,f,5,,"Source: Siphosethu Plaatjies.csv, row 23. Indicator: S",2025-04-15 18:56:27.160045+00,2025-04-15 18:56:27.160052+00,22,20
110,2025-02-24,f,f,f,f,5,,"Source: Siphosethu Plaatjies.csv, row 23. Indicator: S",2025-04-15 18:56:27.164378+00,2025-04-15 18:56:27.164384+00,22,17
111,2025-02-24,f,f,f,f,5,,"Source: Siphosethu Plaatjies.csv, row 23. Indicator: S",2025-04-15 18:56:27.16865+00,2025-04-15 18:56:27.168657+00,22,18
112,2025-02-24,f,f,f,f,5,,"Source: Siphosethu Plaatjies.csv, row 23. Indicator: S",2025-04-15 18:56:27.173214+00,2025-04-15 18:56:27.173221+00,22,19
113,2025-02-24,f,f,f,f,5,,"Source: Siphosethu Plaatjies.csv, row 23. Indicator: S",2025-04-15 18:56:27.177534+00,2025-04-15 18:56:27.177541+00,22,16
114,2025-02-25,f,f,f,f,5,,"Source: Siphosethu Plaatjies.csv, row 24. Indicator: S",2025-04-15 18:56:27.181807+00,2025-04-15 18:56:27.181813+00,22,20
115,2025-02-25,f,f,f,f,5,,"Source: Siphosethu Plaatjies.csv, row 24. Indicator: S",2025-04-15 18:56:27.186181+00,2025-04-15 18:56:27.186188+00,22,19
116,2025-02-28,f,f,f,f,5,,"Source: Siphosethu Plaatjies.csv, row 27. Indicator: S",2025-04-15 18:56:27.190488+00,2025-04-15 18:56:27.190495+00,22,18
117,2025-03-04,f,f,f,f,5,,"Source: Siphosethu Plaatjies.csv, row 31. Indicator: S",2025-04-15 18:56:27.194755+00,2025-04-15 18:56:27.194762+00,22,16
118,2025-03-05,f,f,f,f,5,,"Source: Siphosethu Plaatjies.csv, row 32. Indicator: S",2025-04-15 18:56:27.243227+00,2025-04-15 18:56:27.243237+00,22,17
119,2025-03-05,f,f,f,f,5,,"Source: Siphosethu Plaatjies.csv, row 32. Indicator: S",2025-04-15 18:56:27.247793+00,2025-04-15 18:56:27.247802+00,22,18
120,2025-03-18,f,f,f,f,5,,"Source: Siphosethu Plaatjies.csv, row 45. Indicator: S",2025-04-15 18:56:27.252261+00,2025-04-15 18:56:27.252268+00,22,18
121,2025-03-20,f,f,f,f,5,,"Source: Siphosethu Plaatjies.csv, row 47. Indicator: S",2025-04-15 18:56:27.256368+00,2025-04-15 18:56:27.256374+00,22,16
122,2025-01-28,f,f,f,f,5,,"Source: Ziyanda Fayindlala.csv, row 2. Indicator: Z",2025-04-15 18:56:27.261389+00,2025-04-15 18:56:27.261395+00,33,21
123,2025-01-29,f,f,f,f,5,,"Source: Ziyanda Fayindlala.csv, row 3. Indicator: Z",2025-04-15 18:56:27.266497+00,2025-04-15 18:56:27.266505+00,33,22
124,2025-01-29,f,f,f,f,5,,"Source: Ziyanda Fayindlala.csv, row 3. Indicator: Z",2025-04-15 18:56:27.271816+00,2025-04-15 18:56:27.271843+00,33,23
125,2025-01-29,f,f,f,f,5,,"Source: Ziyanda Fayindlala.csv, row 3. Indicator: Z",2025-04-15 18:56:27.277477+00,2025-04-15 18:56:27.277487+00,33,24
126,2025-01-31,f,f,f,f,5,,"Source: Ziyanda Fayindlala.csv, row 4. Indicator: Z",2025-04-15 18:56:27.282169+00,2025-04-15 18:56:27.282178+00,33,24
127,2025-02-05,f,f,f,f,5,,"Source: Ziyanda Fayindlala.csv, row 5. Indicator: Z",2025-04-15 18:56:27.28755+00,2025-04-15 18:56:27.287557+00,33,25
128,2025-02-18,f,f,f,f,5,,"Source: Ziyanda Fayindlala.csv, row 17. Indicator: Z",2025-04-15 18:56:27.292201+00,2025-04-15 18:56:27.29221+00,33,22
129,2025-02-18,f,f,f,f,5,,"Source: Ziyanda Fayindlala.csv, row 17. Indicator: Z",2025-04-15 18:56:27.297918+00,2025-04-15 18:56:27.297927+00,33,26
130,2025-02-18,f,f,f,f,5,,"Source: Ziyanda Fayindlala.csv, row 17. Indicator: Z",2025-04-15 18:56:27.343779+00,2025-04-15 18:56:27.343786+00,33,27
131,2025-02-19,f,f,f,f,5,,"Source: Ziyanda Fayindlala.csv, row 18. Indicator: Z",2025-04-15 18:56:27.348176+00,2025-04-15 18:56:27.348184+00,33,24
132,2025-02-21,f,f,f,f,5,,"Source: Ziyanda Fayindlala.csv, row 20. Indicator: Z",2025-04-15 18:56:27.353217+00,2025-04-15 18:56:27.353225+00,33,28
133,2025-02-25,f,f,f,f,5,,"Source: Ziyanda Fayindlala.csv, row 24. Indicator: Z",2025-04-15 18:56:27.358238+00,2025-04-15 18:56:27.358245+00,33,29
134,2025-02-27,f,f,f,f,5,,"Source: Ziyanda Fayindlala.csv, row 26. Indicator: Z",2025-04-15 18:56:27.363451+00,2025-04-15 18:56:27.363458+00,33,30
135,2025-02-28,f,f,f,f,5,,"Source: Ziyanda Fayindlala.csv, row 27. Indicator: Z",2025-04-15 18:56:27.367681+00,2025-04-15 18:56:27.367687+00,33,22
136,2025-02-28,f,f,f,f,5,,"Source: Ziyanda Fayindlala.csv, row 27. Indicator: Z",2025-04-15 18:56:27.371905+00,2025-04-15 18:56:27.371912+00,33,26
137,2025-03-04,f,f,f,f,5,,"Source: Ziyanda Fayindlala.csv, row 31. Indicator: Z",2025-04-15 18:56:27.3761+00,2025-04-15 18:56:27.376109+00,33,27
138,2025-03-04,f,f,f,f,5,,"Source: Ziyanda Fayindlala.csv, row 31. Indicator: Z",2025-04-15 18:56:27.381157+00,2025-04-15 18:56:27.381163+00,33,31
139,2025-03-05,f,f,f,f,5,,"Source: Ziyanda Fayindlala.csv, row 32. Indicator: Z",2025-04-15 18:56:27.385505+00,2025-04-15 18:56:27.385511+00,33,21
140,2025-03-05,f,f,f,f,5,,"Source: Ziyanda Fayindlala.csv, row 32. Indicator: Z",2025-04-15 18:56:27.38968+00,2025-04-15 18:56:27.389689+00,33,25
141,2025-03-06,f,f,f,f,5,,"Source: Ziyanda Fayindlala.csv, row 33. Indicator: Z",2025-04-15 18:56:27.394722+00,2025-04-15 18:56:27.39473+00,33,32
142,2025-03-06,f,f,f,f,5,,"Source: Ziyanda Fayindlala.csv, row 33. Indicator: Z",2025-04-15 18:56:27.399128+00,2025-04-15 18:56:27.399137+00,33,29
143,2025-03-07,f,f,f,f,5,,"Source: Ziyanda Fayindlala.csv, row 34. Indicator: Z",2025-04-15 18:56:27.403625+00,2025-04-15 18:56:27.403633+00,33,32
144,2025-03-07,f,f,f,f,5,,"Source: Ziyanda Fayindlala.csv, row 34. Indicator: Z",2025-04-15 18:56:27.407944+00,2025-04-15 18:56:27.407952+00,33,22
145,2025-03-07,f,f,f,f,5,,"Source: Ziyanda Fayindlala.csv, row 34. Indicator: Z",2025-04-15 18:56:27.442208+00,2025-04-15 18:56:27.442221+00,33,26
146,2025-03-07,f,f,f,f,5,,"Source: Ziyanda Fayindlala.csv, row 34. Indicator: Z",2025-04-15 18:56:27.446667+00,2025-04-15 18:56:27.446676+00,33,23
147,2025-03-11,f,f,f,f,5,,"Source: Ziyanda Fayindlala.csv, row 38. Indicator: Z",2025-04-15 18:56:27.452077+00,2025-04-15 18:56:27.452084+00,33,33
148,2025-03-12,f,f,f,f,5,,"Source: Ziyanda Fayindlala.csv, row 39. Indicator: Z",2025-04-15 18:56:27.456127+00,2025-04-15 18:56:27.456133+00,33,21
149,2025-03-13,f,f,f,f,5,,"Source: Ziyanda Fayindlala.csv, row 40. Indicator: Z",2025-04-15 18:56:27.4612+00,2025-04-15 18:56:27.461207+00,33,34
150,2025-03-14,f,f,f,f,5,,"Source: Ziyanda Fayindlala.csv, row 41. Indicator: Z",2025-04-15 18:56:27.466865+00,2025-04-15 18:56:27.466874+00,33,35
151,2025-03-18,f,f,f,f,5,,"Source: Ziyanda Fayindlala.csv, row 45. Indicator: Z",2025-04-15 18:56:27.471562+00,2025-04-15 18:56:27.471569+00,33,22
152,2025-03-18,f,f,f,f,5,,"Source: Ziyanda Fayindlala.csv, row 45. Indicator: Z",2025-04-15 18:56:27.476484+00,2025-04-15 18:56:27.476496+00,33,26
153,2025-03-19,f,f,f,f,5,,"Source: Ziyanda Fayindlala.csv, row 46. Indicator: Z",2025-04-15 18:56:27.4811+00,2025-04-15 18:56:27.481107+00,33,30
154,2025-03-19,f,f,f,f,5,,"Source: Ziyanda Fayindlala.csv, row 46. Indicator: Z",2025-04-15 18:56:27.485202+00,2025-04-15 18:56:27.485209+00,33,27
155,2025-04-01,f,f,f,f,5,,"Source: Ziyanda Fayindlala.csv, row 59. Indicator: Z",2025-04-15 18:56:27.489458+00,2025-04-15 18:56:27.489465+00,33,31
156,2025-04-04,f,f,f,f,5,,"Source: Ziyanda Fayindlala.csv, row 62. Indicator: Z",2025-04-15 18:56:27.49353+00,2025-04-15 18:56:27.493537+00,33,30
157,2025-04-08,f,f,f,f,5,,"Source: Ziyanda Fayindlala.csv, row 66. Indicator: Z",2025-04-15 18:56:27.49766+00,2025-04-15 18:56:27.497667+00,33,24
158,2025-04-11,f,f,f,f,5,,"Source: Ziyanda Fayindlala.csv, row 69. Indicator: Z",2025-04-15 18:56:27.502011+00,2025-04-15 18:56:27.502021+00,33,33
159,2025-01-31,f,f,f,f,5,,"Source: Anomhlobo Ngubelanga.csv, row 2. Indicator: A",2025-04-15 18:56:27.509368+00,2025-04-15 18:56:27.509378+00,49,36
160,2025-01-31,f,f,f,f,5,,"Source: Anomhlobo Ngubelanga.csv, row 2. Indicator: A",2025-04-15 18:56:27.515783+00,2025-04-15 18:56:27.51579+00,49,37
161,2025-02-03,f,f,f,f,5,,"Source: Anomhlobo Ngubelanga.csv, row 3. Indicator: A",2025-04-15 18:56:27.542786+00,2025-04-15 18:56:27.542802+00,49,36
162,2025-02-03,f,f,f,f,5,,"Source: Anomhlobo Ngubelanga.csv, row 3. Indicator: A",2025-04-15 18:56:27.547799+00,2025-04-15 18:56:27.547809+00,49,37
163,2025-02-04,f,f,f,f,5,,"Source: Anomhlobo Ngubelanga.csv, row 4. Indicator: A",2025-04-15 18:56:27.552075+00,2025-04-15 18:56:27.552083+00,49,37
164,2025-02-05,f,f,f,f,5,,"Source: Anomhlobo Ngubelanga.csv, row 5. Indicator: A",2025-04-15 18:56:27.556259+00,2025-04-15 18:56:27.556265+00,49,37
165,2025-02-06,f,f,f,f,5,,"Source: Anomhlobo Ngubelanga.csv, row 6. Indicator: A",2025-04-15 18:56:27.560739+00,2025-04-15 18:56:27.560746+00,49,36
166,2025-02-11,f,f,f,f,5,,"Source: Anomhlobo Ngubelanga.csv, row 7. Indicator: A",2025-04-15 18:56:27.565046+00,2025-04-15 18:56:27.565053+00,49,37
167,2025-02-12,f,f,f,f,5,,"Source: Anomhlobo Ngubelanga.csv, row 8. Indicator: A",2025-04-15 18:56:27.570616+00,2025-04-15 18:56:27.570625+00,49,38
168,2025-02-13,f,f,f,f,5,,"Source: Anomhlobo Ngubelanga.csv, row 9. Indicator: A",2025-04-15 18:56:27.576141+00,2025-04-15 18:56:27.576149+00,49,39
169,2025-02-17,f,f,f,f,5,,"Source: Anomhlobo Ngubelanga.csv, row 10. Indicator: A",2025-04-15 18:56:27.580496+00,2025-04-15 18:56:27.580504+00,49,39
170,2025-02-18,f,f,f,f,5,,"Source: Anomhlobo Ngubelanga.csv, row 11. Indicator: A",2025-04-15 18:56:27.584983+00,2025-04-15 18:56:27.58499+00,49,38
171,2025-02-20,f,f,f,f,5,,"Source: Anomhlobo Ngubelanga.csv, row 13. Indicator: A",2025-04-15 18:56:27.589263+00,2025-04-15 18:56:27.58927+00,49,38
172,2025-02-21,f,f,f,f,5,,"Source: Anomhlobo Ngubelanga.csv, row 14. Indicator: A",2025-04-15 18:56:27.593319+00,2025-04-15 18:56:27.593326+00,49,39
173,2025-02-24,f,f,f,f,5,,"Source: Anomhlobo Ngubelanga.csv, row 15. Indicator: A",2025-04-15 18:56:27.597501+00,2025-04-15 18:56:27.597508+00,49,36
174,2025-02-25,f,f,f,f,5,,"Source: Anomhlobo Ngubelanga.csv, row 16. Indicator: A",2025-04-15 18:56:27.60191+00,2025-04-15 18:56:27.601917+00,49,37
175,2025-02-26,f,f,f,f,5,,"Source: Anomhlobo Ngubelanga.csv, row 17. Indicator: A",2025-04-15 18:56:27.606281+00,2025-04-15 18:56:27.606288+00,49,39
176,2025-02-27,f,f,f,f,5,,"Source: Anomhlobo Ngubelanga.csv, row 18. Indicator: A",2025-04-15 18:56:27.611117+00,2025-04-15 18:56:27.611123+00,49,17
177,2025-03-04,f,f,f,f,5,,"Source: Anomhlobo Ngubelanga.csv, row 19. Indicator: A",2025-04-15 18:56:27.641802+00,2025-04-15 18:56:27.64181+00,49,36
178,2025-03-05,f,f,f,f,5,,"Source: Anomhlobo Ngubelanga.csv, row 20. Indicator: A",2025-04-15 18:56:27.646461+00,2025-04-15 18:56:27.646482+00,49,38
179,2025-02-04,f,f,f,f,5,,"Source: Babalo Rozani.csv, row 3. Indicator: B",2025-04-15 18:56:27.650892+00,2025-04-15 18:56:27.650901+00,36,21
180,2025-02-04,f,f,f,f,5,,"Source: Babalo Rozani.csv, row 3. Indicator: B",2025-04-15 18:56:27.655207+00,2025-04-15 18:56:27.655214+00,36,17
181,2025-02-05,f,f,f,f,5,,"Source: Babalo Rozani.csv, row 4. Indicator: B.",2025-04-15 18:56:27.660247+00,2025-04-15 18:56:27.660254+00,36,40
182,2025-02-06,f,f,f,f,5,,"Source: Babalo Rozani.csv, row 5. Indicator: B",2025-04-15 18:56:27.664378+00,2025-04-15 18:56:27.664387+00,36,37
183,2025-02-06,f,f,f,f,5,,"Source: Babalo Rozani.csv, row 5. Indicator: B",2025-04-15 18:56:27.668925+00,2025-04-15 18:56:27.668932+00,36,38
184,2025-02-12,f,f,f,f,5,,"Source: Babalo Rozani.csv, row 11. Indicator: B",2025-04-15 18:56:27.674714+00,2025-04-15 18:56:27.674722+00,36,41
185,2025-02-12,f,f,f,f,5,,"Source: Babalo Rozani.csv, row 11. Indicator: B",2025-04-15 18:56:27.680373+00,2025-04-15 18:56:27.68038+00,36,42
186,2025-02-12,f,f,f,f,5,,"Source: Babalo Rozani.csv, row 11. Indicator: B",2025-04-15 18:56:27.685762+00,2025-04-15 18:56:27.685769+00,36,43
187,2025-02-13,f,f,f,f,5,,"Source: Babalo Rozani.csv, row 12. Indicator: B",2025-04-15 18:56:27.691593+00,2025-04-15 18:56:27.6916+00,36,44
188,2025-02-13,f,f,f,f,5,,"Source: Babalo Rozani.csv, row 12. Indicator: B",2025-04-15 18:56:27.695963+00,2025-04-15 18:56:27.695972+00,36,21
189,2025-02-13,f,f,f,f,5,,"Source: Babalo Rozani.csv, row 12. Indicator: B",2025-04-15 18:56:27.700299+00,2025-04-15 18:56:27.700305+00,36,40
190,2025-02-18,f,f,f,f,5,,"Source: Babalo Rozani.csv, row 17. Indicator: B",2025-04-15 18:56:27.704426+00,2025-04-15 18:56:27.704435+00,36,40
191,2025-02-18,f,f,f,f,5,,"Source: Babalo Rozani.csv, row 17. Indicator: B",2025-04-15 18:56:27.744276+00,2025-04-15 18:56:27.744293+00,36,43
192,2025-02-18,f,f,f,f,5,,"Source: Babalo Rozani.csv, row 17. Indicator: B",2025-04-15 18:56:27.748894+00,2025-04-15 18:56:27.748902+00,36,17
193,2025-02-20,f,f,f,f,5,,"Source: Babalo Rozani.csv, row 19. Indicator: B",2025-04-15 18:56:27.753281+00,2025-04-15 18:56:27.753291+00,36,38
194,2025-02-21,f,f,f,f,5,,"Source: Babalo Rozani.csv, row 20. Indicator: B",2025-04-15 18:56:27.757652+00,2025-04-15 18:56:27.75766+00,36,39
195,2025-02-25,f,f,f,f,5,,"Source: Babalo Rozani.csv, row 24. Indicator: B",2025-04-15 18:56:27.761978+00,2025-04-15 18:56:27.761987+00,36,37
196,2025-02-26,f,f,f,f,5,,"Source: Babalo Rozani.csv, row 25. Indicator: B",2025-04-15 18:56:27.767531+00,2025-04-15 18:56:27.76754+00,36,45
197,2025-02-26,f,f,f,f,5,,"Source: Babalo Rozani.csv, row 25. Indicator: B",2025-04-15 18:56:27.772588+00,2025-04-15 18:56:27.772595+00,36,46
198,2025-02-26,f,f,f,f,5,,"Source: Babalo Rozani.csv, row 25. Indicator: B",2025-04-15 18:56:27.777034+00,2025-04-15 18:56:27.777041+00,36,17
199,2025-02-27,f,f,f,f,5,,"Source: Babalo Rozani.csv, row 26. Indicator: B",2025-04-15 18:56:27.781171+00,2025-04-15 18:56:27.781178+00,36,41
200,2025-02-27,f,f,f,f,5,,"Source: Babalo Rozani.csv, row 26. Indicator: B",2025-04-15 18:56:27.786979+00,2025-04-15 18:56:27.786986+00,36,47
201,2025-03-05,f,f,f,f,5,,"Source: Babalo Rozani.csv, row 32. Indicator: B",2025-04-15 18:56:27.791282+00,2025-04-15 18:56:27.791289+00,36,36
202,2025-03-06,f,f,f,f,5,,"Source: Babalo Rozani.csv, row 33. Indicator: B",2025-04-15 18:56:27.795491+00,2025-04-15 18:56:27.795499+00,36,44
203,2025-03-06,f,f,f,f,5,,"Source: Babalo Rozani.csv, row 33. Indicator: B",2025-04-15 18:56:27.800728+00,2025-04-15 18:56:27.800735+00,36,48
204,2025-03-07,f,f,f,f,5,,"Source: Babalo Rozani.csv, row 34. Indicator: B",2025-04-15 18:56:27.843534+00,2025-04-15 18:56:27.843545+00,36,40
205,2025-03-07,f,f,f,f,5,,"Source: Babalo Rozani.csv, row 34. Indicator: B",2025-04-15 18:56:27.848221+00,2025-04-15 18:56:27.84823+00,36,17
206,2025-03-11,f,f,f,f,5,,"Source: Babalo Rozani.csv, row 38. Indicator: B",2025-04-15 18:56:27.852916+00,2025-04-15 18:56:27.852926+00,36,40
207,2025-03-11,f,f,f,f,5,,"Source: Babalo Rozani.csv, row 38. Indicator: B",2025-04-15 18:56:27.857388+00,2025-04-15 18:56:27.857395+00,36,43
208,2025-03-12,f,f,f,f,5,,"Source: Babalo Rozani.csv, row 39. Indicator: B",2025-04-15 18:56:27.861778+00,2025-04-15 18:56:27.861784+00,36,42
209,2025-03-18,f,f,f,f,5,,"Source: Babalo Rozani.csv, row 45. Indicator: B",2025-04-15 18:56:27.866262+00,2025-04-15 18:56:27.866271+00,36,37
210,2025-03-19,f,f,f,f,5,,"Source: Babalo Rozani.csv, row 46. Indicator: B",2025-04-15 18:56:27.870869+00,2025-04-15 18:56:27.870876+00,36,21
211,2025-03-19,f,f,f,f,5,,"Source: Babalo Rozani.csv, row 46. Indicator: B",2025-04-15 18:56:27.875235+00,2025-04-15 18:56:27.875244+00,36,45
212,2025-03-19,f,f,f,f,5,,"Source: Babalo Rozani.csv, row 46. Indicator: B",2025-04-15 18:56:27.879504+00,2025-04-15 18:56:27.879511+00,36,46
452,2025-04-16,f,f,f,f,5,"","",2025-04-30 19:10:51.242847+00,2025-04-30 19:10:51.242863+00,30,37
453,2025-04-16,f,f,f,f,5,"","",2025-04-30 19:11:05.798303+00,2025-04-30 19:11:05.798313+00,30,38
454,2025-04-16,f,f,f,f,5,"","",2025-04-30 19:11:19.775883+00,2025-04-30 19:11:19.775894+00,30,62
455,2025-04-16,f,f,f,f,5,"","",2025-04-30 19:11:33.101785+00,2025-04-30 19:11:33.101793+00,30,39
456,2025-04-16,f,f,f,f,5,"","",2025-04-30 19:12:01.04763+00,2025-04-30 19:12:01.047659+00,33,26
213,2025-03-20,f,f,f,f,5,,"Source: Babalo Rozani.csv, row 47. Indicator: B",2025-04-15 18:56:27.883798+00,2025-04-15 18:56:27.883807+00,36,41
214,2025-03-20,f,f,f,f,5,,"Source: Babalo Rozani.csv, row 47. Indicator: B",2025-04-15 18:56:27.88828+00,2025-04-15 18:56:27.888288+00,36,21
215,2025-03-20,f,f,f,f,5,,"Source: Babalo Rozani.csv, row 47. Indicator: B",2025-04-15 18:56:27.892492+00,2025-04-15 18:56:27.892499+00,36,17
216,2025-03-25,f,f,f,f,5,,"Source: Babalo Rozani.csv, row 52. Indicator: B",2025-04-15 18:56:27.896603+00,2025-04-15 18:56:27.89661+00,36,43
217,2025-03-26,f,f,f,f,5,,"Source: Babalo Rozani.csv, row 53. Indicator: B",2025-04-15 18:56:27.901995+00,2025-04-15 18:56:27.902003+00,36,49
218,2025-03-27,f,f,f,f,5,,"Source: Babalo Rozani.csv, row 54. Indicator: B",2025-04-15 18:56:27.944049+00,2025-04-15 18:56:27.944059+00,36,41
219,2025-03-27,f,f,f,f,5,,"Source: Babalo Rozani.csv, row 54. Indicator: B",2025-04-15 18:56:27.948239+00,2025-04-15 18:56:27.948246+00,36,47
220,2025-04-01,f,f,f,f,5,,"Source: Babalo Rozani.csv, row 59. Indicator: B",2025-04-15 18:56:27.952429+00,2025-04-15 18:56:27.952436+00,36,42
221,2025-04-01,f,f,f,f,5,,"Source: Babalo Rozani.csv, row 59. Indicator: B",2025-04-15 18:56:27.957125+00,2025-04-15 18:56:27.957281+00,36,45
222,2025-04-01,f,f,f,f,5,,"Source: Babalo Rozani.csv, row 59. Indicator: B",2025-04-15 18:56:27.96204+00,2025-04-15 18:56:27.962048+00,36,46
223,2025-04-08,f,f,f,f,5,,"Source: Babalo Rozani.csv, row 66. Indicator: B",2025-04-15 18:56:27.966977+00,2025-04-15 18:56:27.966984+00,36,42
224,2025-04-08,f,f,f,f,5,,"Source: Babalo Rozani.csv, row 66. Indicator: B",2025-04-15 18:56:27.971596+00,2025-04-15 18:56:27.971605+00,36,40
225,2025-04-15,f,f,f,f,5,,"Source: Babalo Rozani.csv, row 73. Indicator: B",2025-04-15 18:56:27.976042+00,2025-04-15 18:56:27.976049+00,36,48
226,2025-04-15,f,f,f,f,5,,"Source: Babalo Rozani.csv, row 73. Indicator: B",2025-04-15 18:56:27.980407+00,2025-04-15 18:56:27.980415+00,36,45
227,2025-04-15,f,f,f,f,5,,"Source: Babalo Rozani.csv, row 73. Indicator: B",2025-04-15 18:56:27.984704+00,2025-04-15 18:56:27.984712+00,36,46
228,2025-02-04,f,f,f,f,5,,"Source: Neliswa Skosana.csv, row 2. Indicator: N",2025-04-15 18:56:27.989088+00,2025-04-15 18:56:27.989096+00,34,39
229,2025-02-05,f,f,f,f,5,,"Source: Neliswa Skosana.csv, row 3. Indicator: N",2025-04-15 18:56:27.994367+00,2025-04-15 18:56:27.994373+00,34,50
230,2025-02-11,f,f,f,f,5,,"Source: Neliswa Skosana.csv, row 9. Indicator: N",2025-04-15 18:56:27.99856+00,2025-04-15 18:56:27.998567+00,34,37
231,2025-02-18,f,f,f,f,5,,"Source: Neliswa Skosana.csv, row 16. Indicator: N",2025-04-15 18:56:28.003637+00,2025-04-15 18:56:28.003644+00,34,51
232,2025-02-19,f,f,f,f,5,,"Source: Neliswa Skosana.csv, row 17. Indicator: N",2025-04-15 18:56:28.009074+00,2025-04-15 18:56:28.009081+00,34,52
233,2025-02-25,f,f,f,f,5,,"Source: Neliswa Skosana.csv, row 23. Indicator: N",2025-04-15 18:56:28.042118+00,2025-04-15 18:56:28.042129+00,34,37
234,2025-02-27,f,f,f,f,5,,"Source: Neliswa Skosana.csv, row 25. Indicator: N",2025-04-15 18:56:28.047421+00,2025-04-15 18:56:28.047428+00,34,53
235,2025-02-28,f,f,f,f,5,,"Source: Neliswa Skosana.csv, row 26. Indicator: N",2025-04-15 18:56:28.051721+00,2025-04-15 18:56:28.051729+00,34,39
236,2025-03-04,f,f,f,f,5,,"Source: Neliswa Skosana.csv, row 30. Indicator: N",2025-04-15 18:56:28.056496+00,2025-04-15 18:56:28.056505+00,34,37
237,2025-03-05,f,f,f,f,5,,"Source: Neliswa Skosana.csv, row 31. Indicator: N",2025-04-15 18:56:28.061093+00,2025-04-15 18:56:28.061101+00,34,52
238,2025-03-06,f,f,f,f,5,,"Source: Neliswa Skosana.csv, row 32. Indicator: N",2025-04-15 18:56:28.06669+00,2025-04-15 18:56:28.0667+00,34,18
239,2025-03-11,f,f,f,f,5,,"Source: Neliswa Skosana.csv, row 37. Indicator: N",2025-04-15 18:56:28.071164+00,2025-04-15 18:56:28.071171+00,34,18
240,2025-03-12,f,f,f,f,5,,"Source: Neliswa Skosana.csv, row 38. Indicator: N",2025-04-15 18:56:28.076517+00,2025-04-15 18:56:28.076524+00,34,54
241,2025-03-13,f,f,f,f,5,,"Source: Neliswa Skosana.csv, row 39. Indicator: N",2025-04-15 18:56:28.080933+00,2025-04-15 18:56:28.08094+00,34,37
242,2025-03-13,f,f,f,f,5,,"Source: Neliswa Skosana.csv, row 39. Indicator: N",2025-04-15 18:56:28.085228+00,2025-04-15 18:56:28.085235+00,34,52
243,2025-03-17,f,f,f,f,5,,"Source: Neliswa Skosana.csv, row 43. Indicator: N",2025-04-15 18:56:28.089661+00,2025-04-15 18:56:28.089669+00,34,50
244,2025-03-17,f,f,f,f,5,,"Source: Neliswa Skosana.csv, row 43. Indicator: N",2025-04-15 18:56:28.094062+00,2025-04-15 18:56:28.09407+00,34,37
245,2025-03-18,f,f,f,f,5,,"Source: Neliswa Skosana.csv, row 44. Indicator: N",2025-04-15 18:56:28.098356+00,2025-04-15 18:56:28.098365+00,34,50
246,2025-02-11,f,f,f,f,5,,"Source: Siphosethu Mlenze.csv, row 10. Indicator: S",2025-04-15 18:56:28.102733+00,2025-04-15 18:56:28.102741+00,35,18
247,2025-02-11,f,f,f,f,5,,"Source: Siphosethu Mlenze.csv, row 10. Indicator: S",2025-04-15 18:56:28.10837+00,2025-04-15 18:56:28.108379+00,35,55
248,2025-02-17,f,f,f,f,5,,"Source: Siphosethu Mlenze.csv, row 16. Indicator: S",2025-04-15 18:56:28.112815+00,2025-04-15 18:56:28.112851+00,35,17
249,2025-02-17,f,f,f,f,5,,"Source: Siphosethu Mlenze.csv, row 16. Indicator: S",2025-04-15 18:56:28.143755+00,2025-04-15 18:56:28.14377+00,35,51
250,2025-02-21,f,f,f,f,5,,"Source: Siphosethu Mlenze.csv, row 20. Indicator: S",2025-04-15 18:56:28.148635+00,2025-04-15 18:56:28.148647+00,35,17
251,2025-02-21,f,f,f,f,5,,"Source: Siphosethu Mlenze.csv, row 20. Indicator: S",2025-04-15 18:56:28.153639+00,2025-04-15 18:56:28.153649+00,35,55
252,2025-02-24,f,f,f,f,5,,"Source: Siphosethu Mlenze.csv, row 23. Indicator: S",2025-04-15 18:56:28.158532+00,2025-04-15 18:56:28.158542+00,35,17
253,2025-02-25,f,f,f,f,5,,"Source: Siphosethu Mlenze.csv, row 24. Indicator: S",2025-04-15 18:56:28.164507+00,2025-04-15 18:56:28.164518+00,35,17
254,2025-02-25,f,f,f,f,5,,"Source: Siphosethu Mlenze.csv, row 24. Indicator: S",2025-04-15 18:56:28.172466+00,2025-04-15 18:56:28.172478+00,35,51
255,2025-02-26,f,f,f,f,5,,"Source: Siphosethu Mlenze.csv, row 25. Indicator: S",2025-04-15 18:56:28.180413+00,2025-04-15 18:56:28.180426+00,35,55
256,2025-02-27,f,f,f,f,5,,"Source: Siphosethu Mlenze.csv, row 26. Indicator: S",2025-04-15 18:56:28.187597+00,2025-04-15 18:56:28.187609+00,35,17
257,2025-03-04,f,f,f,f,5,,"Source: Siphosethu Mlenze.csv, row 31. Indicator: S",2025-04-15 18:56:28.195247+00,2025-04-15 18:56:28.195258+00,35,17
258,2025-03-04,f,f,f,f,5,,"Source: Siphosethu Mlenze.csv, row 31. Indicator: S",2025-04-15 18:56:28.202035+00,2025-04-15 18:56:28.202047+00,35,18
259,2025-03-05,f,f,f,f,5,,"Source: Siphosethu Mlenze.csv, row 32. Indicator: S",2025-04-15 18:56:28.216445+00,2025-04-15 18:56:28.21646+00,35,51
260,2025-03-05,f,f,f,f,5,,"Source: Siphosethu Mlenze.csv, row 32. Indicator: S",2025-04-15 18:56:28.228084+00,2025-04-15 18:56:28.228097+00,35,55
261,2025-03-06,f,f,f,f,5,,"Source: Siphosethu Mlenze.csv, row 33. Indicator: S",2025-04-15 18:56:28.233364+00,2025-04-15 18:56:28.233375+00,35,18
262,2025-03-07,f,f,f,f,5,,"Source: Siphosethu Mlenze.csv, row 34. Indicator: S",2025-04-15 18:56:28.238167+00,2025-04-15 18:56:28.238177+00,35,51
263,2025-03-11,f,f,f,f,5,,"Source: Siphosethu Mlenze.csv, row 38. Indicator: S",2025-04-15 18:56:28.242929+00,2025-04-15 18:56:28.24294+00,35,17
264,2025-03-11,f,f,f,f,5,,"Source: Siphosethu Mlenze.csv, row 38. Indicator: S",2025-04-15 18:56:28.247546+00,2025-04-15 18:56:28.247556+00,35,51
265,2025-03-12,f,f,f,f,5,,"Source: Siphosethu Mlenze.csv, row 39. Indicator: S",2025-04-15 18:56:28.252177+00,2025-04-15 18:56:28.252188+00,35,55
266,2025-03-13,f,f,f,f,5,,"Source: Siphosethu Mlenze.csv, row 40. Indicator: S",2025-04-15 18:56:28.256817+00,2025-04-15 18:56:28.256845+00,35,18
267,2025-03-14,f,f,f,f,5,,"Source: Siphosethu Mlenze.csv, row 41. Indicator: S",2025-04-15 18:56:28.262283+00,2025-04-15 18:56:28.262294+00,35,17
268,2025-03-18,f,f,f,f,5,,"Source: Siphosethu Mlenze.csv, row 45. Indicator: S",2025-04-15 18:56:28.266803+00,2025-04-15 18:56:28.266812+00,35,17
269,2025-03-18,f,f,f,f,5,,"Source: Siphosethu Mlenze.csv, row 45. Indicator: S",2025-04-15 18:56:28.273376+00,2025-04-15 18:56:28.273387+00,35,55
270,2025-03-19,f,f,f,f,5,,"Source: Siphosethu Mlenze.csv, row 46. Indicator: S",2025-04-15 18:56:28.279213+00,2025-04-15 18:56:28.279224+00,35,18
271,2025-03-25,f,f,f,f,5,,"Source: Siphosethu Mlenze.csv, row 52. Indicator: S",2025-04-15 18:56:28.285112+00,2025-04-15 18:56:28.285122+00,35,51
272,2025-02-25,f,f,f,f,5,,"Source: Busisiwe Ndlela.csv, row 24. Indicator: B",2025-04-15 18:56:28.291039+00,2025-04-15 18:56:28.291048+00,38,56
273,2025-02-27,f,f,f,f,5,,"Source: Busisiwe Ndlela.csv, row 26. Indicator: B",2025-04-15 18:56:28.296685+00,2025-04-15 18:56:28.296693+00,38,57
274,2025-02-28,f,f,f,f,5,,"Source: Busisiwe Ndlela.csv, row 27. Indicator: B",2025-04-15 18:56:28.301666+00,2025-04-15 18:56:28.301674+00,38,57
275,2025-03-03,f,f,f,f,5,,"Source: Busisiwe Ndlela.csv, row 30. Indicator: B",2025-04-15 18:56:28.307441+00,2025-04-15 18:56:28.30745+00,38,57
276,2025-03-05,f,f,f,f,5,,"Source: Busisiwe Ndlela.csv, row 32. Indicator: B",2025-04-15 18:56:28.313667+00,2025-04-15 18:56:28.313676+00,38,58
277,2025-03-06,f,f,f,f,5,,"Source: Busisiwe Ndlela.csv, row 33. Indicator: B",2025-04-15 18:56:28.345605+00,2025-04-15 18:56:28.345619+00,38,57
278,2025-03-07,f,f,f,f,5,,"Source: Busisiwe Ndlela.csv, row 34. Indicator: B",2025-04-15 18:56:28.351626+00,2025-04-15 18:56:28.35164+00,38,58
279,2025-03-10,f,f,f,f,5,,"Source: Busisiwe Ndlela.csv, row 37. Indicator: B",2025-04-15 18:56:28.356883+00,2025-04-15 18:56:28.356893+00,38,58
280,2025-03-11,f,f,f,f,5,,"Source: Busisiwe Ndlela.csv, row 38. Indicator: B",2025-04-15 18:56:28.361665+00,2025-04-15 18:56:28.361676+00,38,57
281,2025-03-12,f,f,f,f,5,,"Source: Busisiwe Ndlela.csv, row 39. Indicator: B",2025-04-15 18:56:28.366297+00,2025-04-15 18:56:28.366307+00,38,57
282,2025-03-13,f,f,f,f,5,,"Source: Busisiwe Ndlela.csv, row 40. Indicator: B",2025-04-15 18:56:28.371087+00,2025-04-15 18:56:28.371095+00,38,58
283,2025-02-07,f,f,f,f,5,,"Source: Suthukazi Tyali.csv, row 6. Indicator: S",2025-04-15 18:56:28.375969+00,2025-04-15 18:56:28.375978+00,23,37
284,2025-02-07,f,f,f,f,5,,"Source: Suthukazi Tyali.csv, row 6. Indicator: S",2025-04-15 18:56:28.381595+00,2025-04-15 18:56:28.381604+00,23,59
285,2025-02-07,f,f,f,f,5,,"Source: Suthukazi Tyali.csv, row 6. Indicator: S",2025-04-15 18:56:28.387425+00,2025-04-15 18:56:28.387432+00,23,60
286,2025-02-11,f,f,f,f,5,,"Source: Suthukazi Tyali.csv, row 10. Indicator: S",2025-04-15 18:56:28.392934+00,2025-04-15 18:56:28.392941+00,23,61
287,2025-02-13,f,f,f,f,5,,"Source: Suthukazi Tyali.csv, row 12. Indicator: S",2025-04-15 18:56:28.397489+00,2025-04-15 18:56:28.397499+00,23,37
288,2025-02-13,f,f,f,f,5,,"Source: Suthukazi Tyali.csv, row 12. Indicator: S",2025-04-15 18:56:28.402036+00,2025-04-15 18:56:28.402043+00,23,38
289,2025-02-13,f,f,f,f,5,,"Source: Suthukazi Tyali.csv, row 12. Indicator: S",2025-04-15 18:56:28.444285+00,2025-04-15 18:56:28.444295+00,23,59
290,2025-02-13,f,f,f,f,5,,"Source: Suthukazi Tyali.csv, row 12. Indicator: S",2025-04-15 18:56:28.4486+00,2025-04-15 18:56:28.448608+00,23,61
291,2025-02-13,f,f,f,f,5,,"Source: Suthukazi Tyali.csv, row 12. Indicator: S",2025-04-15 18:56:28.453183+00,2025-04-15 18:56:28.453193+00,23,60
292,2025-02-13,f,f,f,f,5,,"Source: Suthukazi Tyali.csv, row 12. Indicator: S",2025-04-15 18:56:28.458921+00,2025-04-15 18:56:28.458928+00,23,62
293,2025-02-24,f,f,f,f,5,,"Source: Suthukazi Tyali.csv, row 23. Indicator: S",2025-04-15 18:56:28.463508+00,2025-04-15 18:56:28.463518+00,23,37
294,2025-02-24,f,f,f,f,5,,"Source: Suthukazi Tyali.csv, row 23. Indicator: S",2025-04-15 18:56:28.468011+00,2025-04-15 18:56:28.468018+00,23,38
295,2025-02-24,f,f,f,f,5,,"Source: Suthukazi Tyali.csv, row 23. Indicator: S",2025-04-15 18:56:28.472405+00,2025-04-15 18:56:28.472412+00,23,59
296,2025-02-24,f,f,f,f,5,,"Source: Suthukazi Tyali.csv, row 23. Indicator: S",2025-04-15 18:56:28.476779+00,2025-04-15 18:56:28.476786+00,23,61
297,2025-02-24,f,f,f,f,5,,"Source: Suthukazi Tyali.csv, row 23. Indicator: S",2025-04-15 18:56:28.481171+00,2025-04-15 18:56:28.481181+00,23,60
298,2025-02-24,f,f,f,f,5,,"Source: Suthukazi Tyali.csv, row 23. Indicator: S",2025-04-15 18:56:28.485447+00,2025-04-15 18:56:28.485454+00,23,62
299,2025-02-25,f,f,f,f,5,,"Source: Suthukazi Tyali.csv, row 24. Indicator: S",2025-04-15 18:56:28.489978+00,2025-04-15 18:56:28.489985+00,23,37
300,2025-02-25,f,f,f,f,5,,"Source: Suthukazi Tyali.csv, row 24. Indicator: S",2025-04-15 18:56:28.49436+00,2025-04-15 18:56:28.494368+00,23,59
301,2025-02-25,f,f,f,f,5,,"Source: Suthukazi Tyali.csv, row 24. Indicator: S",2025-04-15 18:56:28.498606+00,2025-04-15 18:56:28.498613+00,23,61
302,2025-02-25,f,f,f,f,5,,"Source: Suthukazi Tyali.csv, row 24. Indicator: S",2025-04-15 18:56:28.503098+00,2025-04-15 18:56:28.503108+00,23,60
303,2025-02-28,f,f,f,f,5,,"Source: Suthukazi Tyali.csv, row 27. Indicator: S",2025-04-15 18:56:28.507631+00,2025-04-15 18:56:28.507637+00,23,59
304,2025-03-04,f,f,f,f,5,,"Source: Suthukazi Tyali.csv, row 31. Indicator: S",2025-04-15 18:56:28.544547+00,2025-04-15 18:56:28.544561+00,23,37
305,2025-03-04,f,f,f,f,5,,"Source: Suthukazi Tyali.csv, row 31. Indicator: S",2025-04-15 18:56:28.54928+00,2025-04-15 18:56:28.549289+00,23,59
306,2025-03-05,f,f,f,f,5,,"Source: Suthukazi Tyali.csv, row 32. Indicator: S",2025-04-15 18:56:28.55358+00,2025-04-15 18:56:28.55359+00,23,37
307,2025-03-05,f,f,f,f,5,,"Source: Suthukazi Tyali.csv, row 32. Indicator: S",2025-04-15 18:56:28.558319+00,2025-04-15 18:56:28.558331+00,23,38
308,2025-03-06,f,f,f,f,5,,"Source: Suthukazi Tyali.csv, row 33. Indicator: S",2025-04-15 18:56:28.562935+00,2025-04-15 18:56:28.562944+00,23,61
309,2025-03-06,f,f,f,f,5,,"Source: Suthukazi Tyali.csv, row 33. Indicator: S",2025-04-15 18:56:28.567699+00,2025-04-15 18:56:28.567709+00,23,60
310,2025-03-06,f,f,f,f,5,,"Source: Suthukazi Tyali.csv, row 33. Indicator: S",2025-04-15 18:56:28.572479+00,2025-04-15 18:56:28.57249+00,23,62
311,2025-03-18,f,f,f,f,5,,"Source: Suthukazi Tyali.csv, row 45. Indicator: S",2025-04-15 18:56:28.577093+00,2025-04-15 18:56:28.5771+00,23,38
312,2025-03-20,f,f,f,f,5,,"Source: Suthukazi Tyali.csv, row 47. Indicator: S",2025-04-15 18:56:28.581638+00,2025-04-15 18:56:28.581649+00,23,60
313,2025-02-03,f,f,f,f,5,,"Source: Zolani Sibengile.csv, row 2. Indicator: Z",2025-04-15 18:56:28.587209+00,2025-04-15 18:56:28.587218+00,37,63
314,2025-02-04,f,f,f,f,5,,"Source: Zolani Sibengile.csv, row 3. Indicator: Z",2025-04-15 18:56:28.592342+00,2025-04-15 18:56:28.592349+00,37,64
315,2025-02-05,f,f,f,f,5,,"Source: Zolani Sibengile.csv, row 4. Indicator: Z",2025-04-15 18:56:28.596742+00,2025-04-15 18:56:28.596748+00,37,63
316,2025-02-05,f,f,f,f,5,,"Source: Zolani Sibengile.csv, row 4. Indicator: Z",2025-04-15 18:56:28.602133+00,2025-04-15 18:56:28.60214+00,37,65
317,2025-02-06,f,f,f,f,5,,"Source: Zolani Sibengile.csv, row 5. Indicator: Z",2025-04-15 18:56:28.606446+00,2025-04-15 18:56:28.606453+00,37,64
318,2025-02-06,f,f,f,f,5,,"Source: Zolani Sibengile.csv, row 5. Indicator: Z",2025-04-15 18:56:28.611917+00,2025-04-15 18:56:28.611924+00,37,66
319,2025-02-07,f,f,f,f,5,,"Source: Zolani Sibengile.csv, row 6. Indicator: Z",2025-04-15 18:56:28.643579+00,2025-04-15 18:56:28.643591+00,37,63
320,2025-02-10,f,f,f,f,5,,"Source: Zolani Sibengile.csv, row 9. Indicator: Z",2025-04-15 18:56:28.648165+00,2025-04-15 18:56:28.648174+00,37,63
321,2025-02-10,f,f,f,f,5,,"Source: Zolani Sibengile.csv, row 9. Indicator: Z",2025-04-15 18:56:28.653499+00,2025-04-15 18:56:28.653508+00,37,67
322,2025-02-11,f,f,f,f,5,,"Source: Zolani Sibengile.csv, row 10. Indicator: Z",2025-04-15 18:56:28.65822+00,2025-04-15 18:56:28.658228+00,37,64
323,2025-02-11,f,f,f,f,5,,"Source: Zolani Sibengile.csv, row 10. Indicator: Z",2025-04-15 18:56:28.662686+00,2025-04-15 18:56:28.662695+00,37,66
324,2025-02-12,f,f,f,f,5,,"Source: Zolani Sibengile.csv, row 11. Indicator: Z",2025-04-15 18:56:28.667398+00,2025-04-15 18:56:28.667409+00,37,63
325,2025-02-13,f,f,f,f,5,,"Source: Zolani Sibengile.csv, row 12. Indicator: Z",2025-04-15 18:56:28.672188+00,2025-04-15 18:56:28.672198+00,37,63
326,2025-02-13,f,f,f,f,5,,"Source: Zolani Sibengile.csv, row 12. Indicator: Z",2025-04-15 18:56:28.677172+00,2025-04-15 18:56:28.677181+00,37,67
327,2025-02-17,f,f,f,f,5,,"Source: Zolani Sibengile.csv, row 16. Indicator: Z",2025-04-15 18:56:28.681889+00,2025-04-15 18:56:28.6819+00,37,63
328,2025-02-18,f,f,f,f,5,,"Source: Zolani Sibengile.csv, row 17. Indicator: Z",2025-04-15 18:56:28.686686+00,2025-04-15 18:56:28.686696+00,37,64
329,2025-02-19,f,f,f,f,5,,"Source: Zolani Sibengile.csv, row 18. Indicator: Z",2025-04-15 18:56:28.692679+00,2025-04-15 18:56:28.692701+00,37,63
330,2025-02-19,f,f,f,f,5,,"Source: Zolani Sibengile.csv, row 18. Indicator: Z",2025-04-15 18:56:28.697451+00,2025-04-15 18:56:28.697459+00,37,67
331,2025-02-20,f,f,f,f,5,,"Source: Zolani Sibengile.csv, row 19. Indicator: Z",2025-04-15 18:56:28.702084+00,2025-04-15 18:56:28.702094+00,37,64
332,2025-02-20,f,f,f,f,5,,"Source: Zolani Sibengile.csv, row 19. Indicator: Z",2025-04-15 18:56:28.711145+00,2025-04-15 18:56:28.711154+00,37,66
333,2025-02-21,f,f,f,f,5,,"Source: Zolani Sibengile.csv, row 20. Indicator: Z",2025-04-15 18:56:28.716378+00,2025-04-15 18:56:28.716389+00,37,63
334,2025-02-24,f,f,f,f,5,,"Source: Zolani Sibengile.csv, row 23. Indicator: Z",2025-04-15 18:56:28.740809+00,2025-04-15 18:56:28.740857+00,37,63
335,2025-02-25,f,f,f,f,5,,"Source: Zolani Sibengile.csv, row 24. Indicator: Z",2025-04-15 18:56:28.747956+00,2025-04-15 18:56:28.747967+00,37,64
336,2025-02-26,f,f,f,f,5,,"Source: Zolani Sibengile.csv, row 25. Indicator: Z",2025-04-15 18:56:28.754067+00,2025-04-15 18:56:28.754078+00,37,63
337,2025-02-26,f,f,f,f,5,,"Source: Zolani Sibengile.csv, row 25. Indicator: Z",2025-04-15 18:56:28.762534+00,2025-04-15 18:56:28.762547+00,37,64
338,2025-02-27,f,f,f,f,5,,"Source: Zolani Sibengile.csv, row 26. Indicator: Z",2025-04-15 18:56:28.768982+00,2025-04-15 18:56:28.768993+00,37,63
339,2025-03-04,f,f,f,f,5,,"Source: Zolani Sibengile.csv, row 31. Indicator: Z",2025-04-15 18:56:28.774175+00,2025-04-15 18:56:28.774186+00,37,64
340,2025-03-05,f,f,f,f,5,,"Source: Zolani Sibengile.csv, row 32. Indicator: Z",2025-04-15 18:56:28.779817+00,2025-04-15 18:56:28.779876+00,37,63
341,2025-03-05,f,f,f,f,5,,"Source: Zolani Sibengile.csv, row 32. Indicator: Z",2025-04-15 18:56:28.784997+00,2025-04-15 18:56:28.785006+00,37,64
342,2025-03-05,f,f,f,f,5,,"Source: Zolani Sibengile.csv, row 32. Indicator: Z",2025-04-15 18:56:28.793152+00,2025-04-15 18:56:28.793165+00,37,67
343,2025-03-05,f,f,f,f,5,,"Source: Zolani Sibengile.csv, row 32. Indicator: Z",2025-04-15 18:56:28.799+00,2025-04-15 18:56:28.799012+00,37,66
344,2025-03-05,f,f,f,f,5,,"Source: Zolani Sibengile.csv, row 32. Indicator: Z",2025-04-15 18:56:28.804438+00,2025-04-15 18:56:28.804446+00,37,65
345,2025-03-06,f,f,f,f,5,,"Source: Zolani Sibengile.csv, row 33. Indicator: Z",2025-04-15 18:56:28.809163+00,2025-04-15 18:56:28.809174+00,37,63
346,2025-03-07,f,f,f,f,5,,"Source: Zolani Sibengile.csv, row 34. Indicator: Z",2025-04-15 18:56:28.844061+00,2025-04-15 18:56:28.844074+00,37,67
347,2025-03-10,f,f,f,f,5,,"Source: Zolani Sibengile.csv, row 37. Indicator: Z",2025-04-15 18:56:28.84937+00,2025-04-15 18:56:28.849381+00,37,64
348,2025-03-10,f,f,f,f,5,,"Source: Zolani Sibengile.csv, row 37. Indicator: Z",2025-04-15 18:56:28.854109+00,2025-04-15 18:56:28.854117+00,37,66
349,2025-03-11,f,f,f,f,5,,"Source: Zolani Sibengile.csv, row 38. Indicator: Z",2025-04-15 18:56:28.859064+00,2025-04-15 18:56:28.859074+00,37,63
350,2025-03-12,f,f,f,f,5,,"Source: Zolani Sibengile.csv, row 39. Indicator: Z",2025-04-15 18:56:28.864043+00,2025-04-15 18:56:28.864053+00,37,64
351,2025-03-12,f,f,f,f,5,,"Source: Zolani Sibengile.csv, row 39. Indicator: Z",2025-04-15 18:56:28.869006+00,2025-04-15 18:56:28.869016+00,37,66
352,2025-03-13,f,f,f,f,5,,"Source: Zolani Sibengile.csv, row 40. Indicator: Z",2025-04-15 18:56:28.874047+00,2025-04-15 18:56:28.874057+00,37,67
353,2025-03-14,f,f,f,f,5,,"Source: Zolani Sibengile.csv, row 41. Indicator: Z",2025-04-15 18:56:28.878913+00,2025-04-15 18:56:28.878923+00,37,63
354,2025-03-17,f,f,f,f,5,,"Source: Zolani Sibengile.csv, row 44. Indicator: Z",2025-04-15 18:56:28.884099+00,2025-04-15 18:56:28.884109+00,37,63
355,2025-03-18,f,f,f,f,5,,"Source: Zolani Sibengile.csv, row 45. Indicator: Z",2025-04-15 18:56:28.889056+00,2025-04-15 18:56:28.889065+00,37,64
356,2025-02-05,f,f,f,f,5,,"Source: Andiswa Manona.csv, row 4. Indicator: A",2025-04-15 18:56:28.89391+00,2025-04-15 18:56:28.893917+00,40,50
357,2025-02-17,f,f,f,f,5,,"Source: Andiswa Manona.csv, row 16. Indicator: A",2025-04-15 18:56:28.940504+00,2025-04-15 18:56:28.940516+00,40,50
358,2025-02-18,f,f,f,f,5,,"Source: Andiswa Manona.csv, row 17. Indicator: A",2025-04-15 18:56:28.946568+00,2025-04-15 18:56:28.946575+00,40,68
359,2025-02-18,f,f,f,f,5,,"Source: Andiswa Manona.csv, row 17. Indicator: A",2025-04-15 18:56:28.951015+00,2025-04-15 18:56:28.951022+00,40,52
360,2025-02-19,f,f,f,f,5,,"Source: Andiswa Manona.csv, row 18. Indicator: A",2025-04-15 18:56:28.955354+00,2025-04-15 18:56:28.95536+00,40,38
361,2025-02-25,f,f,f,f,5,,"Source: Andiswa Manona.csv, row 24. Indicator: A",2025-04-15 18:56:28.959595+00,2025-04-15 18:56:28.959602+00,40,39
362,2025-02-27,f,f,f,f,5,,"Source: Andiswa Manona.csv, row 26. Indicator: A",2025-04-15 18:56:28.964085+00,2025-04-15 18:56:28.964094+00,40,39
363,2025-03-04,f,f,f,f,5,,"Source: Andiswa Manona.csv, row 31. Indicator: A",2025-04-15 18:56:28.968596+00,2025-04-15 18:56:28.968605+00,40,37
364,2025-03-05,f,f,f,f,5,,"Source: Andiswa Manona.csv, row 32. Indicator: A",2025-04-15 18:56:28.973079+00,2025-04-15 18:56:28.973085+00,40,37
365,2025-03-05,f,f,f,f,5,,"Source: Andiswa Manona.csv, row 32. Indicator: A",2025-04-15 18:56:28.977375+00,2025-04-15 18:56:28.977382+00,40,38
366,2025-03-05,f,f,f,f,5,,"Source: Andiswa Manona.csv, row 32. Indicator: A",2025-04-15 18:56:28.981691+00,2025-04-15 18:56:28.9817+00,40,39
367,2025-03-06,f,f,f,f,5,,"Source: Andiswa Manona.csv, row 33. Indicator: A",2025-04-15 18:56:28.986192+00,2025-04-15 18:56:28.986201+00,40,37
368,2025-03-06,f,f,f,f,5,,"Source: Andiswa Manona.csv, row 33. Indicator: A",2025-04-15 18:56:28.990427+00,2025-04-15 18:56:28.990437+00,40,38
369,2025-03-06,f,f,f,f,5,,"Source: Andiswa Manona.csv, row 33. Indicator: A",2025-04-15 18:56:28.994872+00,2025-04-15 18:56:28.994881+00,40,62
370,2025-03-06,f,f,f,f,5,,"Source: Andiswa Manona.csv, row 33. Indicator: A",2025-04-15 18:56:29.000003+00,2025-04-15 18:56:29.000009+00,40,69
371,2025-03-06,f,f,f,f,5,,"Source: Andiswa Manona.csv, row 33. Indicator: A",2025-04-15 18:56:29.005048+00,2025-04-15 18:56:29.005054+00,40,70
372,2025-03-06,f,f,f,f,5,,"Source: Andiswa Manona.csv, row 33. Indicator: A",2025-04-15 18:56:29.042497+00,2025-04-15 18:56:29.042512+00,40,50
373,2025-03-06,f,f,f,f,5,,"Source: Andiswa Manona.csv, row 33. Indicator: A",2025-04-15 18:56:29.047351+00,2025-04-15 18:56:29.047359+00,40,39
374,2025-03-06,f,f,f,f,5,,"Source: Andiswa Manona.csv, row 33. Indicator: A",2025-04-15 18:56:29.051914+00,2025-04-15 18:56:29.051922+00,40,68
375,2025-03-06,f,f,f,f,5,,"Source: Andiswa Manona.csv, row 33. Indicator: A",2025-04-15 18:56:29.056611+00,2025-04-15 18:56:29.056621+00,40,52
376,2025-03-07,f,f,f,f,5,,"Source: Andiswa Manona.csv, row 34. Indicator: A",2025-04-15 18:56:29.061333+00,2025-04-15 18:56:29.061341+00,40,39
377,2025-03-11,f,f,f,f,5,,"Source: Andiswa Manona.csv, row 38. Indicator: A",2025-04-15 18:56:29.066275+00,2025-04-15 18:56:29.066288+00,40,70
378,2025-03-12,f,f,f,f,5,,"Source: Andiswa Manona.csv, row 39. Indicator: A",2025-04-15 18:56:29.071269+00,2025-04-15 18:56:29.071278+00,40,52
379,2025-03-13,f,f,f,f,5,,"Source: Andiswa Manona.csv, row 40. Indicator: A",2025-04-15 18:56:29.075815+00,2025-04-15 18:56:29.075856+00,40,39
380,2025-03-14,f,f,f,f,5,,"Source: Andiswa Manona.csv, row 41. Indicator: A",2025-04-15 18:56:29.080781+00,2025-04-15 18:56:29.080792+00,40,37
381,2025-03-18,f,f,f,f,5,,"Source: Andiswa Manona.csv, row 45. Indicator: A",2025-04-15 18:56:29.085598+00,2025-04-15 18:56:29.085608+00,40,38
382,2025-03-18,f,f,f,f,5,,"Source: Andiswa Manona.csv, row 45. Indicator: A",2025-04-15 18:56:29.09054+00,2025-04-15 18:56:29.09055+00,40,70
383,2025-03-18,f,f,f,f,5,,"Source: Andiswa Manona.csv, row 45. Indicator: A",2025-04-15 18:56:29.09537+00,2025-04-15 18:56:29.09538+00,40,39
384,2025-03-19,f,f,f,f,5,,"Source: Andiswa Manona.csv, row 46. Indicator: A",2025-04-15 18:56:29.100147+00,2025-04-15 18:56:29.100156+00,40,69
385,2025-03-25,f,f,f,f,5,,"Source: Andiswa Manona.csv, row 52. Indicator: A",2025-04-15 18:56:29.104885+00,2025-04-15 18:56:29.104895+00,40,68
386,2025-03-26,f,f,f,f,5,,"Source: Andiswa Manona.csv, row 53. Indicator: A",2025-04-15 18:56:29.109575+00,2025-04-15 18:56:29.109585+00,40,38
387,2025-03-27,f,f,f,f,5,,"Source: Andiswa Manona.csv, row 54. Indicator: A",2025-04-15 18:56:29.145897+00,2025-04-15 18:56:29.145911+00,40,39
388,2025-02-13,f,f,f,f,5,,"Source: Sibonokuhle Lugogo.csv, row 12. Indicator: O",2025-04-15 18:56:29.151542+00,2025-04-15 18:56:29.151554+00,31,50
389,2025-02-13,f,f,f,f,5,,"Source: Sibonokuhle Lugogo.csv, row 12. Indicator: O",2025-04-15 18:56:29.158711+00,2025-04-15 18:56:29.15872+00,31,71
390,2025-02-13,f,f,f,f,5,,"Source: Sibonokuhle Lugogo.csv, row 12. Indicator: O",2025-04-15 18:56:29.165655+00,2025-04-15 18:56:29.165665+00,31,72
391,2025-02-13,f,f,f,f,5,,"Source: Sibonokuhle Lugogo.csv, row 12. Indicator: O",2025-04-15 18:56:29.171643+00,2025-04-15 18:56:29.171651+00,31,73
392,2025-02-13,f,f,f,f,5,,"Source: Sibonokuhle Lugogo.csv, row 12. Indicator: O",2025-04-15 18:56:29.177528+00,2025-04-15 18:56:29.177538+00,31,74
393,2025-02-21,f,f,f,f,5,,"Source: Sibonokuhle Lugogo.csv, row 20. Indicator: O",2025-04-15 18:56:29.183052+00,2025-04-15 18:56:29.183061+00,31,50
394,2025-02-21,f,f,f,f,5,,"Source: Sibonokuhle Lugogo.csv, row 20. Indicator: O",2025-04-15 18:56:29.187999+00,2025-04-15 18:56:29.188007+00,31,71
395,2025-02-21,f,f,f,f,5,,"Source: Sibonokuhle Lugogo.csv, row 20. Indicator: O",2025-04-15 18:56:29.240692+00,2025-04-15 18:56:29.240703+00,31,72
396,2025-02-21,f,f,f,f,5,,"Source: Sibonokuhle Lugogo.csv, row 20. Indicator: O",2025-04-15 18:56:29.246085+00,2025-04-15 18:56:29.246092+00,31,74
397,2025-02-24,f,f,f,f,5,,"Source: Sibonokuhle Lugogo.csv, row 23. Indicator: O",2025-04-15 18:56:29.25107+00,2025-04-15 18:56:29.251077+00,31,50
398,2025-02-24,f,f,f,f,5,,"Source: Sibonokuhle Lugogo.csv, row 23. Indicator: O",2025-04-15 18:56:29.255615+00,2025-04-15 18:56:29.255622+00,31,71
399,2025-02-24,f,f,f,f,5,,"Source: Sibonokuhle Lugogo.csv, row 23. Indicator: O",2025-04-15 18:56:29.260362+00,2025-04-15 18:56:29.260372+00,31,72
400,2025-02-24,f,f,f,f,5,,"Source: Sibonokuhle Lugogo.csv, row 23. Indicator: O",2025-04-15 18:56:29.264934+00,2025-04-15 18:56:29.26494+00,31,73
401,2025-02-24,f,f,f,f,5,,"Source: Sibonokuhle Lugogo.csv, row 23. Indicator: O",2025-04-15 18:56:29.269534+00,2025-04-15 18:56:29.269541+00,31,74
402,2025-02-26,f,f,f,f,5,,"Source: Sibonokuhle Lugogo.csv, row 25. Indicator: O",2025-04-15 18:56:29.274539+00,2025-04-15 18:56:29.274548+00,31,50
403,2025-02-28,f,f,f,f,5,,"Source: Sibonokuhle Lugogo.csv, row 27. Indicator: O",2025-04-15 18:56:29.279563+00,2025-04-15 18:56:29.279572+00,31,50
404,2025-03-04,f,f,f,f,5,,"Source: Sibonokuhle Lugogo.csv, row 31. Indicator: O",2025-04-15 18:56:29.284475+00,2025-04-15 18:56:29.284484+00,31,73
405,2025-03-05,f,f,f,f,5,,"Source: Sibonokuhle Lugogo.csv, row 32. Indicator: O",2025-04-15 18:56:29.28984+00,2025-04-15 18:56:29.289851+00,31,71
406,2025-03-06,f,f,f,f,5,,"Source: Sibonokuhle Lugogo.csv, row 33. Indicator: O",2025-04-15 18:56:29.294567+00,2025-04-15 18:56:29.294575+00,31,50
407,2025-03-06,f,f,f,f,5,,"Source: Sibonokuhle Lugogo.csv, row 33. Indicator: O",2025-04-15 18:56:29.299251+00,2025-04-15 18:56:29.299258+00,31,71
408,2025-03-18,f,f,f,f,5,,"Source: Sibonokuhle Lugogo.csv, row 45. Indicator: O",2025-04-15 18:56:29.341926+00,2025-04-15 18:56:29.341935+00,31,71
409,2025-03-19,f,f,f,f,5,,"Source: Sibonokuhle Lugogo.csv, row 46. Indicator: O",2025-04-15 18:56:29.346601+00,2025-04-15 18:56:29.346609+00,31,74
410,2025-03-20,f,f,f,f,5,,"Source: Sibonokuhle Lugogo.csv, row 47. Indicator: O",2025-04-15 18:56:29.351445+00,2025-04-15 18:56:29.351456+00,31,72
411,2025-03-21,f,f,f,f,5,,"Source: Sibonokuhle Lugogo.csv, row 48. Indicator: O",2025-04-15 18:56:29.356527+00,2025-04-15 18:56:29.356536+00,31,74
412,2025-04-07,f,f,f,f,5,,"Source: Sibonokuhle Lugogo.csv, row 65. Indicator: O",2025-04-15 18:56:29.361912+00,2025-04-15 18:56:29.361925+00,31,74
413,2025-04-09,f,f,f,f,5,,"Source: Sibonokuhle Lugogo.csv, row 67. Indicator: O",2025-04-15 18:56:29.366927+00,2025-04-15 18:56:29.366934+00,31,50
414,2025-04-09,f,f,f,f,5,,"Source: Sibonokuhle Lugogo.csv, row 67. Indicator: O",2025-04-15 18:56:29.371422+00,2025-04-15 18:56:29.37143+00,31,71
415,2025-04-09,f,f,f,f,5,,"Source: Sibonokuhle Lugogo.csv, row 67. Indicator: O",2025-04-15 18:56:29.376424+00,2025-04-15 18:56:29.376432+00,31,72
416,2025-04-09,f,f,f,f,5,,"Source: Sibonokuhle Lugogo.csv, row 67. Indicator: O",2025-04-15 18:56:29.382012+00,2025-04-15 18:56:29.382021+00,31,73
417,2025-04-09,f,f,f,f,5,,"Source: Sibonokuhle Lugogo.csv, row 67. Indicator: O",2025-04-15 18:56:29.387425+00,2025-04-15 18:56:29.387435+00,31,74
418,2025-02-03,f,f,f,f,5,,"Source: Faith Bolothi.csv, row 2. Indicator: F",2025-04-15 18:56:29.392478+00,2025-04-15 18:56:29.392486+00,30,69
419,2025-02-03,f,f,f,f,5,,"Source: Faith Bolothi.csv, row 2. Indicator: F",2025-04-15 18:56:29.397108+00,2025-04-15 18:56:29.397116+00,30,39
420,2025-02-04,f,f,f,f,5,,"Source: Faith Bolothi.csv, row 3. Indicator: F",2025-04-15 18:56:29.401611+00,2025-04-15 18:56:29.401619+00,30,38
421,2025-02-04,f,f,f,f,5,,"Source: Faith Bolothi.csv, row 3. Indicator: F",2025-04-15 18:56:29.406491+00,2025-04-15 18:56:29.406501+00,30,52
422,2025-02-05,f,f,f,f,5,,"Source: Faith Bolothi.csv, row 4. Indicator: F",2025-04-15 18:56:29.443324+00,2025-04-15 18:56:29.443334+00,30,37
423,2025-02-05,f,f,f,f,5,,"Source: Faith Bolothi.csv, row 4. Indicator: F",2025-04-15 18:56:29.447872+00,2025-04-15 18:56:29.44788+00,30,50
424,2025-02-06,f,f,f,f,5,,"Source: Faith Bolothi.csv, row 5. Indicator: F",2025-04-15 18:56:29.452168+00,2025-04-15 18:56:29.452175+00,30,37
425,2025-02-06,f,f,f,f,5,,"Source: Faith Bolothi.csv, row 5. Indicator: F",2025-04-15 18:56:29.456534+00,2025-04-15 18:56:29.456542+00,30,62
426,2025-02-07,f,f,f,f,5,,"Source: Faith Bolothi.csv, row 6. Indicator: F",2025-04-15 18:56:29.461188+00,2025-04-15 18:56:29.461197+00,30,38
427,2025-02-07,f,f,f,f,5,,"Source: Faith Bolothi.csv, row 6. Indicator: F",2025-04-15 18:56:29.465728+00,2025-04-15 18:56:29.465737+00,30,62
428,2025-02-07,f,f,f,f,5,,"Source: Faith Bolothi.csv, row 6. Indicator: F",2025-04-15 18:56:29.470344+00,2025-04-15 18:56:29.470351+00,30,50
429,2025-02-07,f,f,f,f,5,,"Source: Faith Bolothi.csv, row 6. Indicator: F",2025-04-15 18:56:29.474586+00,2025-04-15 18:56:29.474593+00,30,52
430,2025-02-17,f,f,f,f,5,,"Source: Faith Bolothi.csv, row 16. Indicator: F",2025-04-15 18:56:29.479073+00,2025-04-15 18:56:29.479082+00,30,50
431,2025-02-18,f,f,f,f,5,,"Source: Faith Bolothi.csv, row 17. Indicator: F",2025-04-15 18:56:29.483331+00,2025-04-15 18:56:29.483337+00,30,70
432,2025-02-18,f,f,f,f,5,,"Source: Faith Bolothi.csv, row 17. Indicator: F",2025-04-15 18:56:29.487722+00,2025-04-15 18:56:29.487729+00,30,52
433,2025-02-19,f,f,f,f,5,,"Source: Faith Bolothi.csv, row 18. Indicator: F",2025-04-15 18:56:29.492416+00,2025-04-15 18:56:29.492423+00,30,37
434,2025-02-25,f,f,f,f,5,,"Source: Faith Bolothi.csv, row 24. Indicator: F",2025-04-15 18:56:29.496701+00,2025-04-15 18:56:29.496708+00,30,39
435,2025-02-26,f,f,f,f,5,,"Source: Faith Bolothi.csv, row 25. Indicator: F",2025-04-15 18:56:29.501101+00,2025-04-15 18:56:29.501109+00,30,62
436,2025-02-27,f,f,f,f,5,,"Source: Faith Bolothi.csv, row 26. Indicator: F",2025-04-15 18:56:29.542087+00,2025-04-15 18:56:29.542098+00,30,69
437,2025-02-27,f,f,f,f,5,,"Source: Faith Bolothi.csv, row 26. Indicator: F",2025-04-15 18:56:29.546878+00,2025-04-15 18:56:29.546887+00,30,50
438,2025-02-28,f,f,f,f,5,,"Source: Faith Bolothi.csv, row 27. Indicator: F",2025-04-15 18:56:29.551514+00,2025-04-15 18:56:29.551524+00,30,38
439,2025-02-28,f,f,f,f,5,,"Source: Faith Bolothi.csv, row 27. Indicator: F",2025-04-15 18:56:29.56112+00,2025-04-15 18:56:29.56113+00,30,52
440,2025-03-11,f,f,f,f,5,,"Source: Faith Bolothi.csv, row 38. Indicator: F",2025-04-15 18:56:29.565961+00,2025-04-15 18:56:29.56597+00,30,62
441,2025-03-12,f,f,f,f,5,,"Source: Faith Bolothi.csv, row 39. Indicator: F",2025-04-15 18:56:29.570378+00,2025-04-15 18:56:29.570387+00,30,68
442,2025-03-13,f,f,f,f,5,,"Source: Faith Bolothi.csv, row 40. Indicator: F",2025-04-15 18:56:29.574783+00,2025-04-15 18:56:29.574791+00,30,38
443,2025-03-13,f,f,f,f,5,,"Source: Faith Bolothi.csv, row 40. Indicator: F",2025-04-15 18:56:29.579569+00,2025-04-15 18:56:29.579576+00,30,68
444,2025-03-18,f,f,f,f,5,,"Source: Faith Bolothi.csv, row 45. Indicator: F",2025-04-15 18:56:29.584607+00,2025-04-15 18:56:29.584616+00,30,37
445,2025-03-18,f,f,f,f,5,,"Source: Faith Bolothi.csv, row 45. Indicator: F",2025-04-15 18:56:29.589612+00,2025-04-15 18:56:29.58962+00,30,38
446,2025-03-18,f,f,f,f,5,,"Source: Faith Bolothi.csv, row 45. Indicator: F",2025-04-15 18:56:29.594428+00,2025-04-15 18:56:29.594436+00,30,70
447,2025-03-18,f,f,f,f,5,,"Source: Faith Bolothi.csv, row 45. Indicator: F",2025-04-15 18:56:29.59912+00,2025-04-15 18:56:29.599128+00,30,50
448,2025-03-18,f,f,f,f,5,,"Source: Faith Bolothi.csv, row 45. Indicator: F",2025-04-15 18:56:29.642819+00,2025-04-15 18:56:29.642849+00,30,39
449,2025-03-18,f,f,f,f,5,,"Source: Faith Bolothi.csv, row 45. Indicator: F",2025-04-15 18:56:29.648445+00,2025-04-15 18:56:29.648455+00,30,52
450,2025-03-19,f,f,f,f,5,,"Source: Faith Bolothi.csv, row 46. Indicator: F",2025-04-15 18:56:29.655742+00,2025-04-15 18:56:29.655751+00,30,38
451,2025-04-19,f,f,f,f,5,,"Source: Faith Bolothi.csv, row 77. Indicator: F",2025-04-15 18:56:29.661193+00,2025-04-15 18:56:29.661219+00,30,38
457,2025-04-17,f,f,f,f,5,"","",2025-04-30 19:12:19.600172+00,2025-04-30 19:12:19.600182+00,33,26
458,2025-04-17,f,f,f,f,5,"","",2025-04-30 19:12:36.216632+00,2025-04-30 19:12:36.216673+00,33,22
459,2025-04-15,f,f,f,f,5,"","",2025-04-30 19:12:56.2164+00,2025-04-30 19:12:56.216409+00,40,62
460,2025-04-16,f,f,f,f,5,"","",2025-04-30 19:13:12.455841+00,2025-04-30 19:13:12.455849+00,40,39
461,2025-04-17,f,f,f,f,5,"","",2025-04-30 19:13:30.784809+00,2025-04-30 19:13:30.784824+00,40,37
462,2025-04-23,f,f,f,f,5,"","",2025-04-30 19:13:48.919365+00,2025-04-30 19:13:48.919373+00,40,52
463,2025-04-24,f,f,f,f,5,"","",2025-04-30 19:14:01.051762+00,2025-04-30 19:14:01.05177+00,40,36
464,2025-04-25,f,f,f,f,5,"","",2025-04-30 19:14:17.537373+00,2025-04-30 19:14:17.537385+00,40,62
465,2025-04-07,f,f,f,f,5,"","",2025-04-30 19:14:47.70451+00,2025-04-30 19:14:47.704523+00,22,18
466,2025-04-08,f,f,f,f,5,"","",2025-04-30 19:15:06.308796+00,2025-04-30 19:15:06.308804+00,22,20
467,2025-04-08,f,f,f,f,5,"","",2025-04-30 19:15:31.251021+00,2025-04-30 19:15:31.251036+00,22,17
468,2025-04-08,f,f,f,f,5,"","",2025-04-30 19:15:48.155285+00,2025-04-30 19:15:48.155295+00,22,18
469,2025-04-08,f,f,f,f,5,"","",2025-04-30 19:16:04.097664+00,2025-04-30 19:16:04.097678+00,22,19
470,2025-04-08,f,f,f,f,5,"","",2025-04-30 19:16:22.324772+00,2025-04-30 19:16:22.324783+00,22,16
471,2025-04-15,f,f,f,f,5,"","",2025-04-30 19:16:44.368421+00,2025-04-30 19:16:44.368431+00,22,17
472,2025-04-16,f,f,f,f,5,"","",2025-04-30 19:16:58.781858+00,2025-04-30 19:16:58.78187+00,22,16
473,2025-04-23,f,f,f,f,5,"","",2025-04-30 19:17:20.537974+00,2025-04-30 19:17:20.537986+00,22,18
474,2025-04-25,f,f,f,f,5,"","",2025-04-30 19:17:35.70484+00,2025-04-30 19:17:35.704849+00,22,18
475,2025-04-07,f,f,f,f,5,"","",2025-04-30 19:18:03.850096+00,2025-04-30 19:18:03.850106+00,23,37
476,2025-04-09,f,f,f,f,5,"","",2025-04-30 19:18:27.509794+00,2025-04-30 19:18:27.509801+00,23,60
477,2025-04-15,f,f,f,f,5,"","",2025-04-30 19:18:43.083318+00,2025-04-30 19:18:43.083328+00,23,38
478,2025-04-16,f,f,f,f,5,"","",2025-04-30 19:19:09.944879+00,2025-04-30 19:19:09.944887+00,23,60
479,2025-04-16,f,f,f,f,5,"","",2025-04-30 19:19:31.435074+00,2025-04-30 19:19:31.435085+00,23,62
480,2025-04-24,f,f,f,f,5,"","",2025-04-30 19:19:48.805948+00,2025-04-30 19:19:48.805959+00,23,37
481,2025-04-24,f,f,f,f,5,"","",2025-04-30 19:20:05.396472+00,2025-04-30 19:20:05.39649+00,23,38
482,2025-04-24,f,f,f,f,5,"","",2025-04-30 19:20:20.982007+00,2025-04-30 19:20:20.982015+00,23,59
483,2025-04-24,f,f,f,f,5,"","",2025-04-30 19:20:37.457766+00,2025-04-30 19:20:37.457774+00,23,60
484,2025-04-24,f,f,f,f,5,"","",2025-04-30 19:20:53.941749+00,2025-04-30 19:20:53.941756+00,23,62
485,2025-04-16,f,f,f,f,5,"","",2025-04-30 19:21:14.559037+00,2025-04-30 19:21:14.559048+00,31,72
486,2025-04-17,f,f,f,f,5,"","",2025-04-30 19:21:27.060293+00,2025-04-30 19:21:27.060303+00,31,74
487,2025-04-15,f,f,f,f,5,"","",2025-04-30 19:21:50.770563+00,2025-04-30 19:21:50.770573+00,37,64
488,2025-04-15,f,f,f,f,5,"","",2025-04-30 19:22:04.869946+00,2025-04-30 19:22:04.869956+00,37,66
489,2025-04-16,f,f,f,f,5,"","",2025-04-30 19:22:23.984263+00,2025-04-30 19:22:23.984271+00,37,63
490,2025-04-17,f,f,f,f,5,"","",2025-04-30 19:22:38.89097+00,2025-04-30 19:22:38.890982+00,37,63
491,2025-04-30,f,f,t,f,6,"","",2025-05-01 04:20:44.493582+00,2025-05-01 04:20:44.4936+00,3,38
492,2025-04-22,f,t,f,f,3,Games,Abongile and Sisipho still using letter trackers incorrectly.  I retrained.  Follow up on next visit.,2025-05-01 04:40:17.835213+00,2025-05-01 04:40:17.835225+00,3,69
493,2025-04-14,f,f,t,f,6,"","",2025-05-01 04:41:31.224056+00,2025-05-01 04:41:31.224067+00,3,39
494,2025-05-07,f,f,t,t,1,Books and chairs,They had kids that no longer attend school so their groups are not okay so we regrouped. I had 1 of their groups and did a full session while they were present and watching then after did admin so they can see it practically.,2025-05-07 11:44:55.826449+00,2025-05-07 11:44:55.826461+00,38,56
495,2025-05-07,t,t,t,t,6,None,"Overall sessions are going well. Books are consistently updated in-between sessions, session trackers and phonics trackers are  visible and up to date.  New LC is blending in well with the team. 

Living Ubuntu now has a total of 17 kids attending consistently, 7 kids are not attending anymore. The LCs now have 8 and 9 kids respectively. Because of low numbers Whitney can only do 4 sessions a day which is lower then the expected minimum of 5 sessions in ECDCs, Nomawethu on the other side has no reason not to do 5 sessions with the 1 extra kid she has, I have negotiated with the ECDC to make space in the center for at least 1 LC, the process of going across the street with kids is taking up time, in this winter time could even be a health issue for the kids. I still need to meet the principal to negotiate more space sothat both LCs can be stationed at Living Ubuntu, she was not available today.",2025-05-07 13:02:00.975625+00,2025-05-07 13:02:00.975641+00,37,66
496,2025-05-08,t,t,t,t,5,No supplies needed,"Zikhona and Babalwa are settling very well. The minimum number of sessions are always met here at Sandwater. I observed Zikhona playing push buttons blending box, kids do not seem to get the concept, I explained the concept again to Zikhona after her session. I observed babalwa playing a game, she is abusing the play dough, I encouraged her to  utilize her games manual and incooporate  other games as well in her sessions.",2025-05-12 07:58:11.349257+00,2025-05-12 07:58:11.349271+00,37,64
497,2025-05-06,f,t,f,t,5,"","Most learners are still doing vowels, most of them doing a & e. I've asked them to introduce more letters but also include the ones already learned during review and when playing games. Boniswa still needs a bit of support when it comes to conducting an effective session.",2025-05-12 08:35:56.436934+00,2025-05-12 08:35:56.436945+00,30,68
498,2025-05-07,f,t,t,t,6,"","LCs still struggling to meet the daily target for sessions, they spend most of the time assisting in the classes that have no teachers. Session overall, Amyoli's session was solid, review was done as expected, story time was also great she used picture cards and her kids were engaged throughout. Xolelwa and Phumela need support when it comes to doing a proper review.",2025-05-12 08:45:39.201806+00,2025-05-12 08:45:39.201819+00,30,69
499,2025-05-06,t,f,f,t,5,Learner chairs,Did one minute assessments. Observed the new LC Tabita bakers she's doing fine but needs a bit of an assistance reviewing. Melumzi was absent he had an exam to write.,2025-05-12 09:03:13.538585+00,2025-05-12 09:03:13.538632+00,30,39
500,2025-05-09,t,t,f,t,5,"","Same issue of kids not attending crche anymore is happening here aswell, this results in LCs having less kids then usual thus effecting the number of daily sessions, Sanele has now 9 kids and natoline has 10. they strive for atleast 5 sessions but absenteeism aslo affects theire weekly sessions. I'm concerned by the quality of sessions, Living Ubuntu kids have slightly better 1min results then Bambino kids.",2025-05-13 08:06:34.242026+00,2025-05-13 08:06:34.242041+00,37,67
501,2025-05-13,f,t,t,f,6,Session trackers,"Learners are progressing well with their letters, few LCs were not tracking correctly and had learners/pairs being progressed at the same time focusing on the same letters. Review fairly done well. Blending done well, admin and session shows learners are blending on different reading levels. Games played are the same, rotation of the same games daily. Still need support when it comes to choosing appropriate games for learners on RL 3&4. Centre/Book shelves was a bit messy.",2025-05-13 16:10:39.67951+00,2025-05-13 16:10:39.67952+00,30,38
502,2025-05-12,t,f,t,t,6,None,"All admin is correct and up to date, phonics trackers are used accordingly. Sessions are going going well. I compared the January results with the phonics tracker infront of kids books, most of the kids know more sounds now. Spoke to the LCs and together agreed on a goal to at least average 10 sounds by June.",2025-05-14 08:47:00.196007+00,2025-05-14 08:47:00.196016+00,37,66
503,2025-05-14,f,t,t,t,6,"Session trackers, early/ paired readers.","Review done well and blending going well, LC are teaching the skill correctly and kids seem to have grasped it. The two new LCs still needed a bit of support when it comes to letter tracking and following the correct teaching order. Although blending is done properly there was some confusion when it comes to knowing when do they start blending with learners, after we sat and talked they're clear. Also reiterated on them moving learners at the sametime and teaching the same letters even though they're moving at a different pace.",2025-05-14 12:26:09.152331+00,2025-05-14 12:26:09.152339+00,30,52
504,2025-05-13,t,t,f,t,5,Chalk,"Kids in this center are progressing quit slow compared to kids in living ubuntu. I observed the quality of the sessions conducted. Natolin's sessions are not exciting at all, kids are merely just repeating what she is saying for most of the session, she is not aggressive enough in micro focusing on phonics of the day, I encouraged her to focus on 2 sounds per session where needed. I had in informal mini refresher with Natoline and Sanele focusing on how to deliver quality sessions.",2025-05-15 04:12:29.223997+00,2025-05-15 04:12:29.224008+00,37,67
505,2025-05-14,t,f,t,t,6,Board game,"All admin is correct and up to date, only Babalwa Sali is not consistent with updating her session tracker, I explained to her why it is important for the back of book and session tracker to be in sync, she understood. Lcs in this center are meeting the minimum number of daily sessions. Kids are gradually improving. I was comparing Babalwa Salis kids phonics tracker with Baseline results, most of the kids have improved but there are still a few that still know zero sounds, I asked her about these kids , she says the just never remember sounds that are taught. Next time I visit I will try do a  1 min assessment with these kids",2025-05-15 04:39:19.213544+00,2025-05-15 04:39:19.213556+00,37,64
506,2025-05-14,t,t,t,t,5,"","Bongiwe has a tendency of coming to work late,she does not properly pllan for her session.",2025-05-16 06:27:46.532774+00,2025-05-16 06:27:46.532782+00,33,25
507,2025-05-14,t,t,t,t,5,"","Bongiwe has a tendency of coming to work late,she does not properly pllan for her session.",2025-05-16 06:27:47.482996+00,2025-05-16 06:27:47.483007+00,33,25
512,2025-05-13,t,t,f,f,6,"",Both LCs seems to find it difficult to move learners from one level to the next. I did the 1 minute assessments and theres still learners who are not able to identify even the vowels (3year olds),2025-05-16 06:45:37.661283+00,2025-05-16 06:45:37.661295+00,33,30
513,2025-05-13,t,t,t,t,5,"","The ratings are for Yibanathi Mpumlwana,our new LC hasnt been to work and her learners are far behind.",2025-05-16 06:50:49.152847+00,2025-05-16 06:50:49.152859+00,33,33
514,2025-05-14,t,t,f,t,7,"",Theres a learner who got 57 phonic sounds on the 1 minute assessment (Busisiwe Kuhlane),2025-05-16 06:53:19.177331+00,2025-05-16 06:53:19.177343+00,33,22
515,2025-05-14,t,f,t,t,7,"","Theres only 1 learner who knew 24 phonic sounds on the 1 minute assessment,others got zeros though theyve been getting more than 15 sessions",2025-05-16 06:56:48.009731+00,2025-05-16 06:56:48.00974+00,33,23
516,2025-05-15,t,t,t,t,7,"","New LC is doing well,she has learners who are able to blend . Out of the 12 learners I assessed only 3 scored 0s",2025-05-16 07:00:29.302281+00,2025-05-16 07:00:29.30229+00,33,28
517,2025-05-08,f,f,f,f,1,"1. Cabin hook
2. Posters
3. Foam Letters
4. Artificial flowers","Sindiswa has not been recording her sessions for weeks. She said she was uncertain about how to do that, so she had been noting her sessions done and comments on her notebook which she could not provide on the day I was visiting. Her Letter Tracker has not been updated since January when she did her Baseline Assessment. I showed her how to do her admin, which she seemed to understand. I have also shared the same feedback to Zolani, and asked him to have her to report on her work daily via WhatsApp on days Zolani is not visiting the centre.",2025-05-16 08:02:46.619876+00,2025-05-16 08:02:46.619884+00,2,65
518,2025-05-15,t,f,f,t,7,"",Could not observe any sessions.,2025-05-16 12:22:56.808436+00,2025-05-16 12:22:56.808445+00,37,64
519,2025-05-16,t,f,t,t,6,Games for the new LCs.,"Sessions are going well. LCs are getting kids for to meet minimum number of sessions. All admin is up to date, LCs are consistantly updating session trackers and phonics trackers, new LCs are enjoying working with the kids, more outdoor games are played and kids are enjoying .",2025-05-16 12:35:22.547151+00,2025-05-16 12:35:22.547164+00,37,63
